sampleid,date,site,year,period,treatment,rep,chl,tss,tp,tn,srp,surf_do,secchi,pH,discharge,ug_total,miv_abund,miv_hbi,zp_eH,ug_Bos,ug_Chyd,ug_Cerio,ug_Daphnia,ug_Diaph,ug_Cyclo,ug_Cala,ug_Naup
F1310011,6/20/2013,1,2013,1,dred,1,NA,NA,104.2375,1.89085,45.31171365,8.38,0.9,8.17,9260,5.565590429,12,6,4.78112881,1.33099284,0,0,0.761883696,0,1.288558175,1.78510712,0.399048598
F1310012,6/20/2013,1,2013,1,dred,2,NA,NA,NA,NA,NA,NA,NA,NA,9260,6.229450693,20,5.7,5.329843631,1.735355344,0.081358523,0,0.519138146,0.136757273,1.94605173,1.453213926,0.357575751
F1310013,6/20/2013,1,2013,1,dred,3,NA,NA,NA,NA,NA,NA,NA,NA,9260,9.487413721,47,6.574468085,5.298785347,1.608645433,0.619845056,0,1.491006478,0,1.797246461,2.853043722,1.117626572
F1310021,6/20/2013,2,2013,1,prevd,1,NA,NA,95.6475,1.78145,63.11274402,10.37,0.4,8.52,9260,2.61971831,47,5.7234043,3.866351279,1.183098592,0.309859155,0.394366197,0.028169014,0,0.535211268,0.112676056,0.056338028
F1310022,6/20/2013,2,2013,1,prevd,2,NA,NA,NA,NA,NA,NA,NA,NA,9260,3.126760563,18,6.8333333,1.804919498,2.394366197,0.253521127,0.281690141,0.056338028,0.028169014,0.084507042,0,0.028169014
F1310023,6/20/2013,2,2013,1,prevd,3,NA,NA,NA,NA,NA,NA,NA,NA,9260,1.633802817,61,5.7540984,3.094301068,0.929577465,0.169014085,0.14084507,0.084507042,0.056338028,0.169014085,0,0.084507042
F1310031,6/20/2013,3,2013,1,dred,1,NA,NA,92.222,1.82645,40.45688719,8.565,0.7,8.25,9260,15.41497623,14,7.071428571,6.259198522,2.032917855,0.096410216,0,0.530815878,0.244912512,2.187560509,9.539723228,0.782636034
F1310032,6/20/2013,3,2013,1,dred,2,NA,NA,NA,NA,NA,NA,NA,NA,9260,10.57601642,193,6.642487047,5.447492174,2.877324397,0,0,0.198689458,0.373649466,2.499682691,3.881889383,0.744781029
F1310033,6/20/2013,3,2013,1,dred,3,NA,NA,NA,NA,NA,NA,NA,NA,9260,11.50026325,125,6.368,5.310749822,1.279835905,0,0.28388762,0.372566899,0.283226647,3.902243227,4.445252247,0.933250709
F1310041,6/20/2013,4,2013,1,dred,1,NA,NA,94.229,1.8328,55.02136658,10.185,0.5,8.43,9260,2.929577465,61,5.9180328,4.150757887,1.126760563,0.225352113,0.056338028,0.112676056,0.056338028,0.619718309,0.112676056,0.61971831
F1310042,6/20/2013,4,2013,1,dred,2,NA,NA,NA,NA,NA,NA,NA,NA,9260,1.633802817,18,6.1666667,3.288893656,0.845070423,0.281690141,0.056338028,0,0,0.225352113,0,0.225352113
F1310043,6/20/2013,4,2013,1,dred,3,NA,NA,NA,NA,NA,NA,NA,NA,9260,3.718309859,17,6.35294125,2.862094481,2.253521127,0.507042254,0.056338028,0.056338028,0.169014085,0.563380282,0.112676056,0
F1310051,6/20/2013,5,2013,1,down,1,NA,NA,92.9815,2.01385,37.22033622,8.765,0.5,8.23,9260,6.395135775,15,6.066666667,4.848477994,2.551850848,0.083197545,0,0.52255812,0.419910987,1.48311976,0.895065571,0.439432942
F1310052,6/20/2013,5,2013,1,down,2,NA,NA,NA,NA,NA,NA,NA,NA,9260,6.535009552,7,5.857142857,4.419837921,0.946951687,0.067892987,0,0.198022067,0.249953153,2.875561931,1.093093139,1.103534589
F1310053,6/20/2013,5,2013,1,down,3,NA,NA,NA,NA,NA,NA,NA,NA,9260,7.914105742,9,6.222222222,4.370312016,2.758224436,0.070512118,0,1.311381093,0.437127031,1.108144808,1.43962757,0.789088687
F1310061,6/20/2013,6,2013,1,down,1,NA,NA,88.36,2.019,63.11274402,8.795,0.5,8.14,9260,3.887323944,19,5.1578947,5.7310693,1.267605634,0.169014085,0,0,0.169014085,1.267605634,0.507042254,0.507042254
F1310062,6/20/2013,6,2013,1,down,2,NA,NA,NA,NA,NA,NA,NA,NA,9260,5.070422535,49,5.867347,4.950713558,2.028169014,0,0,0.676056338,0,1.352112676,0.422535211,0.591549296
F1310063,6/20/2013,6,2013,1,down,3,NA,NA,NA,NA,NA,NA,NA,NA,9260,5.408450704,21,5.8571429,3.68933049,1.521126761,0,0,0.422535211,0,2.704225352,0.76056338,0
F1320011,8/1/2013,1,2013,2,dred,1,NA,NA,76.9625,2.4269,55.78543657,13.73,0.5,9.4,4240,14.02343128,17,6.764705882,2.68262351,9.133726113,0.040380191,0,0.222228293,0.36163333,3.219753575,0.277552664,0.768157116
F1320012,8/1/2013,1,2013,2,dred,2,NA,NA,NA,NA,NA,NA,NA,NA,4240,18.28384375,17,6.588235294,2.83731218,9.87199061,0,0.044980408,0.035239116,1.374932541,4.153314414,2.336329218,0.46705744
F1320013,8/1/2013,1,2013,2,dred,3,NA,NA,NA,NA,NA,NA,NA,NA,4240,16.56098938,29,6.724137931,3.313846851,7.787053816,0,0.053980934,0.069131149,1.83085481,4.987521361,1.255413019,0.577034294
F1320021,8/1/2013,2,2013,2,prevd,1,NA,NA,117.03,2.1495,49.83937465,12.665,0.3,9.42,4240,49.57746479,51,6.0980392,3.674055318,19.57746479,0.14084507,0.563380282,0.563380282,0,13.52112676,0.985915493,14.22535211
F1320022,8/1/2013,2,2013,2,prevd,2,NA,NA,NA,NA,NA,NA,NA,NA,4240,44.22535211,47,5.5957447,3.150654723,18.02816901,0,0.281690141,0.563380282,0,10.28169014,0.422535211,14.64788732
F1320023,8/1/2013,2,2013,2,prevd,3,NA,NA,NA,NA,NA,NA,NA,NA,4240,49.01408451,76,5.7894737,3.099476423,18.45070423,0,0,0.14084507,0,11.97183099,0.704225352,17.74647887
F1320031,8/1/2013,3,2013,2,dred,1,NA,NA,97.4875,1.71565,59.48739385,12.275,0.3,9.44,4240,39.16903404,27,6.111111111,5.386766909,6.831388613,0.068654101,0,0.295894138,1.015266157,23.00729924,6.924066873,1.026464919
F1320032,8/1/2013,3,2013,2,dred,2,NA,NA,NA,NA,NA,NA,NA,NA,4240,35.84103013,27,6.185185185,4.324894504,7.928016226,0,0.11094612,0.069213766,0.893318156,23.85045339,1.085633597,1.90344887
F1320033,8/1/2013,3,2013,2,dred,3,NA,NA,NA,NA,NA,NA,NA,NA,4240,18.32888205,18,6.222222222,4.746217529,3.040776763,0.367664173,0.342000803,0,2.54277149,2.060644923,0.083102136,9.891921759
F1320041,8/1/2013,4,2013,2,dred,1,NA,NA,88.939,2.2739,44.47274893,13.465,0.5,9.5,4240,68.73239437,43,6.6744186,3.135922675,20.05633803,0,0.676056338,0,0.450704225,16.90140846,0,30.64788732
F1320042,8/1/2013,4,2013,2,dred,2,NA,NA,NA,NA,NA,NA,NA,NA,4240,62.64788732,57,5.2280702,3.345604643,23.21126761,0,0.676056338,0,1.126760563,16.67605634,0,20.95774648
F1320043,8/1/2013,4,2013,2,dred,3,NA,NA,NA,NA,NA,NA,NA,NA,4240,56.11267606,54,6.592526,3.406212683,16.45070423,0,0.901408451,0,0.901408451,18.92957747,0,18.92957746
F1320051,8/1/2013,5,2013,2,down,1,NA,NA,236.965,1.9524,32.38394876,12.005,0.4,9.46,4240,110.1593888,15,6.8,3.567956627,29.99447924,0,1.900620449,2.229995009,1.856214424,7.145116892,0.106567134,66.92639563
F1320052,8/1/2013,5,2013,2,down,2,NA,NA,NA,NA,NA,NA,NA,NA,4240,66.84292575,6,6.5,3.754972942,9.086791462,0.083896876,0.054057185,0,1.614052778,2.396747351,0.908971162,52.69840893
F1320053,8/1/2013,5,2013,2,down,3,NA,NA,NA,NA,NA,NA,NA,NA,4240,230.8943214,23,7,4.228046053,104.1947317,0.541919255,0.484765812,0.115031037,10.03407428,7.154350061,0.799325894,107.5701234
F1320061,8/1/2013,6,2013,2,down,1,NA,NA,117.64,2.83255,74.74839757,11.225,0.3,9.36,4240,198.2535211,23,5.6086957,2.276522601,147.0422535,0.507042254,1.521126761,0,1.014084507,18.76056338,0,29.4084507
F1320062,8/1/2013,6,2013,2,down,2,NA,NA,NA,NA,NA,NA,NA,NA,4240,192.6760563,14,5.2857143,2.169244037,145.0140845,0,0.507042254,0,0,19.77464789,0,27.38028169
F1320063,8/1/2013,6,2013,2,down,3,NA,NA,NA,NA,NA,NA,NA,NA,4240,193.6901408,23,5.5217391,2.272543388,141.4647887,0,2.028169014,0,0.507042254,17.74647888,0,31.94366197
F1330011,9/5/2013,1,2013,3,dred,1,NA,NA,71.84,2.29765,32.36550975,19.04,0.2,9.83,1500,61.29157319,17,6.294117647,8.83795973,12.00162879,4.812515597,3.997974766,1.017308189,3.552664744,14.91638143,9.664753717,11.32834596
F1330012,9/5/2013,1,2013,3,dred,2,NA,NA,NA,NA,NA,NA,NA,NA,1500,105.3766908,23,6.565217391,7.359142257,24.40000191,20.59175531,4.230908286,0.449934811,1.407019758,46.90804957,1.38269987,6.006321309
F1330013,9/5/2013,1,2013,3,dred,3,NA,NA,NA,NA,NA,NA,NA,NA,1500,52.87144669,17,6.941176471,6.630360607,22.26967561,0.448139877,0.50198333,2.678187214,1.081268577,17.76909358,2.043321346,6.079777155
F1330021,9/5/2013,2,2013,3,prevd,1,NA,NA,52.2175,2.54535,27.51068329,13.595,0.2,9.68,1500,23.23943662,2,5,3.170159503,4.647887324,1.267605634,1.014084507,0.169014085,0.507042254,12.92957746,0,2.704225352
F1330022,9/5/2013,2,2013,3,prevd,2,NA,NA,NA,NA,NA,NA,NA,NA,1500,22.81690141,23,6.5652174,4.122736889,4.478873239,1.183098592,0.422535211,0.084507042,1.098591549,12.67605634,0,2.873239437
F1330023,9/5/2013,2,2013,3,prevd,3,NA,NA,NA,NA,NA,NA,NA,NA,1500,23.91549296,17,6.9411765,3.840717906,2.281690141,1.352112676,0.084507042,0.084507042,0.76056338,15.88732394,0,3.464788732
F1330031,9/5/2013,3,2013,3,dred,1,NA,NA,39.9235,2.0164,21.03758134,17.735,0.2,9.85,1500,30.76893676,17,6,7.52633848,4.887637505,1.939317221,1.456321729,1.236851107,1.406896025,16.96991231,1.653281152,1.218719718
F1330032,9/5/2013,3,2013,3,dred,2,NA,NA,NA,NA,NA,NA,NA,NA,1500,20.66786484,21,5.857142857,5.664467865,0.519741824,5.78941236,0.647915098,0,3.335777715,8.444865071,0.69662776,1.233525011
F1330033,9/5/2013,3,2013,3,dred,3,NA,NA,NA,NA,NA,NA,NA,NA,1500,33.632521,13,5.923076923,5.861149024,0.665880538,11.74802525,0.507980653,0,4.72303372,10.71967134,0.524122162,4.743807337
F1330041,9/5/2013,4,2013,3,dred,1,NA,NA,81.057,1.67545,19.41930585,17.04,0.3,9.71,1500,45.12676056,21,6.7619048,3.595703574,2.704225352,18.76056338,0.169014085,0.507042254,0.169014085,17.07042254,0,5.746478873
F1330042,9/5/2013,4,2013,3,dred,2,NA,NA,NA,NA,NA,NA,NA,NA,1500,44.28169014,39,5.7179487,3.498478938,2.704225352,19.6056338,0.845070423,0.507042254,0.507042254,12.84507042,0,7.267605634
F1330043,9/5/2013,4,2013,3,dred,3,NA,NA,NA,NA,NA,NA,NA,NA,1500,40.3943662,22,6.4090909,3.878599191,2.704225352,18.42253521,0.676056338,0.338028169,0.845070423,10.98591549,0,6.422535211
F1330051,9/5/2013,5,2013,3,down,1,NA,NA,137.57,2.28525,25.8924078,13.99,0.2,9.56,1500,73.20473052,18,5.722222222,3.460007115,1.261641341,40.76347628,0,0.833556592,0,13.30267478,0,17.04338152
F1330052,9/5/2013,5,2013,3,down,2,NA,NA,NA,NA,NA,NA,NA,NA,1500,39.02479879,18,6.222222222,4.232675319,0.920156104,7.2865857,0,2.386400646,0.173449914,22.60431559,0,5.65389083
F1330053,9/5/2013,5,2013,3,down,3,NA,NA,NA,NA,NA,NA,NA,NA,1500,31.40656319,12,6,4.381039375,2.454246939,10.43754168,0.153359351,0.795466882,0.173449914,14.85043899,0,2.542059443
F1330061,9/5/2013,6,2013,3,down,1,NA,NA,114.095,29.12895878,2.2663,11.39,0.2,9.33,1500,94.36619718,37,5.8108108,3.135791555,5.985915493,52.11267606,0.528169014,0,0,34.68309859,0,1.056338028
F1330062,9/5/2013,6,2013,3,down,2,NA,NA,NA,NA,NA,NA,NA,NA,1500,95.77464789,16,6.222222222,3.238926228,5.281690141,50.17605634,1.056338028,0,0,37.67605634,0,1.584507042
F1330063,9/5/2013,6,2013,3,down,3,NA,NA,NA,NA,NA,NA,NA,NA,1500,94.71830986,10,6,2.433977465,5.457746479,50.35211268,0.88028169,0,0,37.5,0,0.528169014
F1410011,5/31/2014,1,2014,1,prevd,1,10.77459507,2.4,106.5,1.4847,16.04368433,8.14,1,8.42,10300,57.00709047,2,7,8.375703218,2.215663198,0,0,42.79381312,4.054753807,2.292478024,5.191071949,0.459310371
F1410012,5/31/2014,1,2014,1,prevd,2,8.437470485,3.2,NA,NA,NA,NA,NA,NA,10300,41.73874718,3,6.333333333,8.743158696,1.731215505,0.235020448,0,17.73886757,5.792389459,6.839509671,8.608186095,0.79355843
F1410013,5/31/2014,1,2014,1,prevd,3,9.612456643,2.4,NA,NA,NA,NA,NA,NA,10300,57.9595091,4,7.25,9.34313099,3.001248703,0.06908266,0,35.3738303,3.738163248,6.521842131,8.161720677,1.093621379
F1410021,5/31/2014,2,2014,1,prevd,1,12.83791631,9.6,102.232,1.4455,19.34995119,9.94,1.85,8.61,10300,7.091871738,11,6.0909091,5.046673605,0.284489071,0.152191576,0.010993423,4.405374887,0,2.124244341,0.08964532,0.024933119
F1410022,5/31/2014,2,2014,1,prevd,2,15.75782084,4.8,NA,NA,NA,NA,NA,NA,10300,4.791450801,44,7.2272727,7.381261307,0.287365806,0.123591421,0.07220478,1.945219658,0,1.824152567,0.490026467,0.048890102
F1410023,5/31/2014,2,2014,1,prevd,3,12.12684805,8.8,NA,NA,NA,NA,NA,NA,10300,3.680835736,66,6.7424242,7.032391789,0.092641899,0.100128174,0,2.359878549,0,1.015694263,0.07989253,0.032600321
F1410031,5/31/2014,3,2014,1,dred,1,8.061501034,2.4,93.3975,1.35085,20.91043112,8.71,0.95,8.43,10300,104.7540634,5,5,7.419289086,2.598634163,0.032330003,0.091475522,93.54453763,0.569487588,1.971373549,5.70225851,0.243966436
F1410032,5/31/2014,3,2014,1,dred,2,7.27617502,15.2,NA,NA,NA,NA,NA,NA,10300,116.7384249,13,6.538461538,7.670180311,2.026329559,0.052891055,0,104.6836741,0.332041805,1.481408528,7.828898973,0.333180803
F1410033,5/31/2014,3,2014,1,dred,3,8.022454733,0.8,NA,NA,NA,NA,NA,NA,10300,108.3056282,11,5.909090909,7.77199698,1.793741048,0.068387782,0.060459795,91.08412693,0,2.262282685,12.78076332,0.255866598
F1410041,5/31/2014,4,2014,1,dred,1,8.569110581,2.4,84.2605,1.3968,14.66851138,8.6,0.95,8.56,10300,9.490066412,0,0,4.763499777,1.531923033,0.377403268,0,6.437645593,0.061690276,0.295445813,0.623838075,0.162120354
F1410042,5/31/2014,4,2014,1,dred,2,7.950493874,0.8,NA,NA,NA,NA,NA,NA,10300,5.535531749,97,5.5670103,2.526056357,1.980143433,0.155278154,0,2.564339835,0,0.759815222,0,0.075955104
F1410043,5/31/2014,4,2014,1,dred,3,9.943648051,1.6,NA,NA,NA,NA,NA,NA,10300,5.367428803,34,5.6176471,2.004223164,2.783604735,0.019434614,0,1.794276095,0,0.152035383,0.525903849,0.092174126
F1410051,5/31/2014,5,2014,1,down,1,28.40704471,3.2,92.4285,1.84255,11.54755152,8.92,1.9,8.39,10300,20.75630367,13,5.846153846,4.925265212,5.808810327,0.129292566,0,7.761456854,0,2.569062817,4.136562023,0.351119088
F1410052,5/31/2014,5,2014,1,down,2,30.73056929,19.2,NA,NA,NA,NA,NA,NA,10300,19.6441096,7,6.571428571,5.778573164,5.097038688,0.439636021,0.0240177,6.762373217,0.133771038,3.70240615,2.942885686,0.541981097
F1410053,5/31/2014,5,2014,1,down,3,33.63525187,17.6,NA,NA,NA,NA,NA,NA,10300,21.06948954,22,6.681818182,4.553865375,7.786581865,0.21284936,0,5.136771352,0,3.708253865,3.682593506,0.542439591
F1410061,5/31/2014,6,2014,1,down,1,13.30515068,1.6,95.0015,1.5265,11.54755152,8.44,0.65,8.32,10300,35.94483117,11,7.4545455,6.536647709,0.586037447,0.064017311,0,26.47529193,0.071916965,5.189931797,3.199145521,0.358490199
F1410062,5/31/2014,6,2014,1,down,2,11.39388576,1.6,NA,NA,NA,NA,NA,NA,10300,67.71049861,60,7.15,6.363658921,1.385760833,0,0.12173347,53.08869539,0,4.45470331,8.56645094,0.09315467
F1410063,5/31/2014,6,2014,1,down,3,10.88224566,1.6,NA,NA,NA,NA,NA,NA,10300,46.52653857,43,6.9069767,6.049822259,1.361592412,0.120270562,0,32.55072462,0,7.491722196,4.707563675,0.294665104
F1420011,7/27/2014,1,2014,2,prevd,1,101.7441416,28.8,105.6325,1.42315,45.87811007,11.555,0.25,9.35,3280,53.62313584,9,5.333333333,2.257799914,33.67590396,0,0.567123973,0,5.387925785,12.67911753,0.904238876,0.408825723
F1420012,7/27/2014,1,2014,2,prevd,2,91.96618695,30.4,NA,NA,NA,NA,NA,NA,3280,54.22080223,9,5.666666667,2.268270758,34.23262396,0.088648935,0.109208503,0,8.061730565,11.21984587,0,0.508744406
F1420013,7/27/2014,1,2014,2,prevd,3,95.2093039,22.4,NA,NA,NA,NA,NA,NA,3280,50.80840929,9,5.333333333,2.244631448,31.53304064,0.364790818,0.254152505,3.498047294,2.77710768,11.40074065,0.601729854,0.378799842
F1420021,7/27/2014,2,2014,2,prevd,1,70.35204614,26.4,118.225,2.24185,58.36194955,12.055,0.25,9.46,3280,17.82437801,5,7.8,3.614813052,4.163133385,5.686885434,0.380648331,0,0.770746454,5.705839939,0.802669038,0.314455424
F1420022,7/27/2014,2,2014,2,prevd,2,78.24559507,29.6,NA,NA,NA,NA,NA,NA,3280,17.79904155,5,5.4,2.856432784,3.867625107,7.427918254,0.62252768,0,2.323113523,2.985680993,0.283710148,0.288465845
F1420023,7/27/2014,2,2014,2,prevd,3,71.91825378,28,NA,NA,NA,NA,NA,NA,3280,21.94885839,4,5.5,3.448759392,5.89621711,6.381966677,0.021800447,0.103109253,2.603436175,4.484704044,1.997520185,0.460104498
F1420031,7/27/2014,3,2014,2,dred,1,80.37512967,22.4,98.1345,1.32295,41.19667027,11.485,0.25,9.46,3280,26.89673045,5,5.6,2.968509664,14.32644527,0.673049791,0.160681834,0,1.901944526,9.550315381,0,0.284293646
F1420032,7/27/2014,3,2014,2,dred,2,70.6375187,26.4,NA,NA,NA,NA,NA,NA,3280,27.02038421,2,7.5,3.739438642,12.37605782,0.858190865,0.324859272,0,3.152195775,8.813602281,0.829958749,0.665519443
F1420033,7/27/2014,3,2014,2,dred,3,72.54988385,24,NA,NA,NA,NA,NA,NA,3280,23.18918396,5,6.8,2.771430436,12.36538958,0.811562575,0.091732274,0,1.07089042,7.91459362,0.660001255,0.27501424
F1420041,7/27/2014,4,2014,2,dred,1,55.57018218,25.6,114.265,2.38235,64.60386929,11.445,0.25,9.48,3280,9.329392412,52,6.0192308,4.72891308,2.811154192,2.140142776,0.068186342,0,0.744123672,1.176594191,1.366134863,1.023056375
F1420042,7/27/2014,4,2014,2,dred,2,58.77259029,31.2,NA,NA,NA,NA,NA,NA,3280,11.31075342,108,6.666667,5.046906222,3.596861776,2.000007932,0.367024966,0,1.899941129,2.045942281,0.369765926,1.031209414
F1420043,7/27/2014,4,2014,2,dred,3,55.60547096,28,NA,NA,NA,NA,NA,NA,3280,11.86019129,87,6.9195402,4.621900951,3.347971063,2.504559416,0.127275519,0,1.584726065,2.357889244,1.484469818,0.453300163
F1420051,7/27/2014,5,2014,2,down,1,66.39458791,28,103.158,1.32135,41.19667027,10.415,0.25,9.39,3280,39.60619284,6,6.166666667,2.112604388,29.4916846,0.498408325,0.21671343,0,3.708119255,2.820496192,1.165125338,1.705645703
F1420052,7/27/2014,5,2014,2,down,2,70.9863397,29.6,NA,NA,NA,NA,NA,NA,3280,38.12957571,13,7.769230769,1.880444874,30.61465475,0.516140645,0.176662711,0,2.21202068,3.108229668,0,1.501867249
F1420053,7/27/2014,5,2014,2,down,3,69.00009149,26.4,NA,NA,NA,NA,NA,NA,3280,46.18976199,8,6.875,1.574508752,40.87060103,0.322704552,0.091175816,0,1.666633309,1.982230676,0,1.256416601
F1420061,7/27/2014,6,2014,2,down,1,71.88099125,22.4,109.53,2.3877,42.75715021,10.185,0.25,9.4,3280,26.0318013,1,7,2.766908948,17.11588294,1.304462552,0.116480572,0,0.785122328,3.731262705,0.869541211,2.109048996
F1420062,7/27/2014,6,2014,2,down,2,71.55722991,22.4,NA,NA,NA,NA,NA,NA,3280,31.02176046,3,6.333333,3.059905649,17.64603323,1.292935799,0.237464103,0,2.113000493,4.946817372,1.777761505,3.007747962
F1420063,7/27/2014,6,2014,2,down,3,75.37761416,26.4,NA,NA,NA,NA,NA,NA,3280,35.92550742,0,0,2.756394092,21.84376617,2.4461572,0.128247271,0,0.850813694,4.247547449,4.082690974,2.326284654
F1430011,8/26/2014,1,2014,3,prevd,1,319.6895115,25.6,41.8205,1.6242,11.54755152,13.805,0.5,9.69,3230,14.34506958,3,6,1.490857096,13.41412498,0.056432359,0.071559107,0.120386542,0.361534961,0.267027927,0,0.054003704
F1430012,8/26/2014,1,2014,3,prevd,2,301.1564901,29.6,NA,NA,NA,NA,NA,NA,3230,17.29705737,1,8,1.689440687,12.58361274,2.810707788,0.211935029,0,0,0.477500837,0.091113545,1.12218743
F1430013,8/26/2014,1,2014,3,prevd,3,270.2679459,30.4,NA,NA,NA,NA,NA,NA,3230,27.00389609,2,8,1.430122751,22.71090366,0,1.468838513,0,0,2.547753367,0.062092018,0.21430853
F1430021,8/26/2014,2,2014,3,prevd,1,159.1546746,26.4,47.83,1.73165,9.987071581,11.8,0.25,9.55,3230,12.05555861,8,6.375,3.640176793,4.076470897,4.399046355,0.033259448,0.020538473,0,2.043114609,0.658568099,0.824560731
F1430022,8/26/2014,2,2014,3,prevd,2,169.9200827,30.4,NA,NA,NA,NA,NA,NA,3230,4.883468578,10,7.2,2.930518947,2.590904414,1.617082713,0,0,0.047466854,0.41007621,0,0.217938387
F1430023,8/26/2014,2,2014,3,prevd,3,226.9183214,27.2,NA,NA,NA,NA,NA,NA,3230,6.569743551,2,7,3.322085409,3.331493824,1.75586127,0.014275884,0,0.070760068,0.978437281,0.224803426,0.194111798
F1430031,8/26/2014,3,2014,3,dred,1,293.7950867,35.2,36.3595,1.85105,11.54755152,13.37,0.25,9.75,3230,1.56589756,4,6.75,1.211394065,1.552877397,0.001588039,0,0,0.002512,0.008920123,0,0
F1430032,8/26/2014,3,2014,3,dred,2,230.2165951,35.2,NA,NA,NA,NA,NA,NA,3230,0.18511098,2,7.5,1.579595905,0.176229212,0.000703695,0.001517728,0,0,0.006192628,0,0.000467716
F1430033,8/26/2014,3,2014,3,dred,3,236.4017407,33.6,NA,NA,NA,NA,NA,NA,3230,0.118795843,1,5,2.080871957,0.097243411,0,0.002635939,0,0.00421876,0.014050779,0.000646955,0
F1430041,8/26/2014,4,2014,3,dred,1,389.031039,49.6,79.25,2.0078,5.305631777,14.245,0.12,9.75,3230,5.266566957,0,0,3.214549033,2.972135192,0.010496666,0.114959079,0,0,1.355490267,0.469401518,0.344084235
F1430042,8/26/2014,4,2014,3,dred,2,294.525817,40,NA,NA,NA,NA,NA,NA,3230,4.105091085,13,8,3.24385254,2.184979709,0.08369342,0.1543992,0,0,1.064264029,0.454599952,0.163154774
F1430043,8/26/2014,4,2014,3,dred,3,228.4242323,40.8,NA,NA,NA,NA,NA,NA,3230,5.198353962,17,7.1764706,2.305049322,3.838353124,0.057915459,0.155082931,0,0,0.74244589,0.178968437,0.22558812
F1430051,8/26/2014,5,2014,3,down,1,383.5836595,56,141.46,2.3751,9.987071581,12.385,0.2,9.67,3230,20.81488642,2,7,1.529277986,14.85357756,0.138204835,0.13660592,0,0.666647664,4.569291108,0.058176008,0.392383327
F1430052,8/26/2014,5,2014,3,down,2,464.7795163,52,NA,NA,NA,NA,NA,NA,3230,78.16810978,5,7.8,1.367028164,74.20630538,0,2.236378444,0,0,1.578726221,0,0.146699736
F1430053,8/26/2014,5,2014,3,down,3,329.6048433,42.4,NA,NA,NA,NA,NA,NA,3230,21.75612137,5,5.6,1.340517502,15.80302612,1.535030449,0.322673472,0,0,3.811321911,0.071017354,0.213052063
F1430061,8/26/2014,6,2014,3,down,1,264.4120509,48.8,115.005,2.27845,9.987071581,12.08,0.2,9.67,3230,15.89714024,0,0,1.802675896,12.88704809,0.075415339,0.101488824,0,0.295133607,1.220748419,0.504212962,0.813092991
F1430062,8/26/2014,6,2014,3,down,2,254.3662371,40.8,NA,NA,NA,NA,NA,NA,3230,19.88468083,0,0,1.850971281,16.28325717,0.139363634,0.065934997,0,0.222334551,3.173790476,0,0
F1430063,8/26/2014,6,2014,3,down,3,136.4950231,40,NA,NA,NA,NA,NA,NA,3230,13.80392666,0,0,2.320524828,9.742975517,0.225361328,0,0,0,2.646848913,0,1.188740905
F1510011,5/28/2015,1,2015,1,prevd,1,34.9029711,3.2,103.62,2.51215,16.04368433,9.19,0.9,7.42,3390,367.7183301,12,5,6.404523355,4.219254758,0.912073238,0.36229301,312.2679012,2.443365833,20.17907508,25.97612369,1.358243317
F1510012,5/28/2015,1,2015,1,prevd,2,39.39774436,14.4,NA,NA,NA,NA,NA,NA,3390,865.6767667,18,6.555555556,3.673065172,2.639693831,0,0.372551423,829.890685,1.532648265,16.37493234,13.74133376,1.12492206
F1510013,5/28/2015,1,2015,1,prevd,3,44.50792734,27.2,NA,NA,NA,NA,NA,NA,3390,540.9612009,24,6.583333333,4.225592948,3.166877613,0.542485345,0.055266017,512.1657277,0.358762978,12.46485113,11.14206425,1.065165851
F1510021,5/28/2015,2,2015,1,prevd,1,44.97319703,28,98.602,2.13965,20.85678962,9.61,0.8,8.09,3390,3.887323944,51,5.333333,2.336628509,0.507042254,3.014084507,0.028169014,0.084507042,0,0.169014084,0.028169014,0.056338028
F1510022,5/28/2015,2,2015,1,prevd,2,47.78965526,32.8,NA,NA,NA,NA,NA,NA,3390,2.901408451,10,5.4,2.769336283,0.507042254,1.85915493,0,0.028169014,0,0.507042253,0,0
F1510023,5/28/2015,2,2015,1,prevd,3,47.08422965,20.8,NA,NA,NA,NA,NA,NA,3390,2.704225352,19,5.4210526,3.254860479,1.070422535,1.183098592,0,0,0,0.422535211,0.028169014,0
F1510031,5/28/2015,3,2015,1,prevd,1,42.06651923,12.8,87.1965,2.4187,35.29610552,7.37,0.5,7.75,3390,111.2784071,48,7.083333333,7.656841679,1.598637328,0.057318516,0,94.30102662,2.026685759,6.925770881,5.999113735,0.369854241
F1510032,5/28/2015,3,2015,1,prevd,2,38.25375868,3.2,NA,NA,NA,NA,NA,NA,3390,113.146673,51,7.058823529,6.828772683,1.185599088,0.363930719,0.160977212,92.8733518,0.113091636,10.4982596,7.351054075,0.600408901
F1510033,5/28/2015,3,2015,1,prevd,3,44.74564572,8.8,NA,NA,NA,NA,NA,NA,3390,112.4728635,39,6.923076923,6.218775654,1.342264766,0.126977277,0.111006831,94.69057457,0.241904628,8.788209308,6.503273994,0.668652106
F1510041,5/28/2015,4,2015,1,prevd,1,44.27784619,4.8,88.1105,2.3706,11.23057903,11.66,0.6,8.38,3390,8.957746479,21,5.0952381,5.307238094,2.816901408,0.450704225,0.112676056,1.014084507,0,3.549295775,0.112676056,0.901408451
F1510042,5/28/2015,4,2015,1,prevd,2,47.0695423,7.2,NA,NA,NA,NA,NA,NA,3390,10.76056338,11,5.8181818,5.776217114,2.253521127,1.070422535,0.112676056,1.690140845,0,4.450704226,0,1.183098592
F1510043,5/28/2015,4,2015,1,prevd,3,47.49749615,7.2,NA,NA,NA,NA,NA,NA,3390,9.352112676,15,5.2,5.871768211,1.690140845,1.070422535,0,1.23943662,0,3.492957746,0.112676056,1.746478873
F1510051,5/28/2015,5,2015,1,dred,1,42.59129568,10.4,92.9815,2.4487,30.48300022,10.155,0.7,8.25,3390,6.846336601,28,7.642857143,4.786688077,1.834694955,0.301444124,0.020658199,1.913567142,0,2.216123355,0.272102269,0.287746556
F1510052,5/28/2015,5,2015,1,dred,2,41.91972209,8.8,NA,NA,NA,NA,NA,NA,3390,19.2030273,13,6.769230769,5.448324012,5.393499585,1.96724663,0.303191131,3.535390747,0,6.07426185,0.785486641,1.143950716
F1510053,5/28/2015,5,2015,1,dred,3,44.25957412,5.6,NA,NA,NA,NA,NA,NA,3390,12.9775448,34,7.029411765,4.219001777,4.831993305,0.80768059,0.207391714,1.545056062,0,5.248651221,0,0.336771908
F1510061,5/28/2015,6,2015,1,down,1,33.154166,7.2,97.6075,2.51735,24.06552649,9.835,0.8,8.18,3390,65.66197183,22,6.0454545,4.215100252,21.29577465,1.521126761,0,1.267605634,0,27.88732394,1.521126761,12.16901408
F1510062,5/28/2015,6,2015,1,down,2,31.24528295,8,NA,NA,NA,NA,NA,NA,3390,54.25352113,16,5.8125,3.913134017,21.54929577,1.267605634,0,1.267605634,0,22.30985915,0.76056338,7.098591549
F1510063,5/28/2015,6,2015,1,down,3,32.45958048,4.8,NA,NA,NA,NA,NA,NA,3390,51.71830986,32,5.09375,5.045418719,18.50704225,1.521126761,0.253521127,6.591549296,0,16.22535211,0.253521127,8.366197183
F1520011,7/16/2015,1,2015,2,prevd,1,70.91013922,4,80.4045,1.268,9.626210596,11.945,0.6,8.96,2430,2.115618941,29,5.482758621,5.748247478,0.417135364,0,0.059926177,0.754958279,0.156390106,0.315558875,0.406293016,0.005357124
F1520012,7/16/2015,1,2015,2,prevd,2,63.61773111,6.4,NA,NA,NA,NA,NA,NA,2430,3.539927845,15,5.666666667,1.78982411,0.387918694,0,0.081382302,2.070722644,0.166605907,0.598227248,0.178987641,0.056083408
F1520013,7/16/2015,1,2015,2,prevd,3,75.42100557,8.8,NA,NA,NA,NA,NA,NA,2430,3.460232638,7,5.285714286,6.892955328,0.236656225,0,0.052749743,1.879103396,0.369490534,0.667421489,0.239611931,0.015199319
F1520021,7/16/2015,2,2015,2,prevd,1,45.12949722,5.6,95.1115,1.05255,3.208736865,14.195,0.5,9.09,2430,8.845070423,8,5.625,3.036496384,5.915492958,0.169014085,0.732394366,0.056338028,0.056338028,1.577464788,0.056338028,0.281690141
F1520022,7/16/2015,2,2015,2,prevd,2,44.01839936,6.4,NA,NA,NA,NA,NA,NA,2430,6.535211268,18,5.0555556,2.752420499,3.943661972,0,0.338028169,0,0.056338028,2.028169014,0.056338028,0.112676056
F1520023,7/16/2015,2,2015,2,prevd,3,41.83487669,8,NA,NA,NA,NA,NA,NA,2430,9.577464789,13,5.6923077,3.344437857,5.746478873,0.61971831,0.732394366,0,0.112676056,2.197183098,0.056338028,0.112676056
F1520031,7/16/2015,3,2015,2,prevd,1,55.69565951,4,67.472,1.10175,35.29610552,12.365,0.8,9.1,2430,5.772813655,8,5.75,3.822852049,1.493302075,0,0,2.646029697,0.220541894,0.390141928,0.892394235,0.130403825
F1520032,7/16/2015,3,2015,2,prevd,2,58.83850199,7.2,NA,NA,NA,NA,NA,NA,2430,4.58689315,14,4.5,4.879203319,1.508297469,0.047960534,0.020122915,0.102130687,0,0.688711966,2.17902234,0.040647239
F1520033,7/16/2015,3,2015,2,prevd,3,58.44219411,1.6,NA,NA,NA,NA,NA,NA,2430,2.844723838,19,4.789473684,3.221268761,0.804848532,0,0,0.771350314,0.109112755,0.839735451,0.319676787,0
F1520041,7/16/2015,4,2015,2,prevd,1,38.46091726,2.4,73.0385,0.97795,24.06552649,12.455,0.7,9.08,2430,2.478873239,29,4.9655172,3.553008244,1.464788732,0.676056338,0.225352113,0,0,0,0.112676056,
F1520042,7/16/2015,4,2015,2,prevd,2,39.9364996,0.8,NA,NA,NA,NA,NA,NA,2430,1.915492958,102,5.2058823,4.685075266,0.450704225,0.563380282,0,0,0,0.450704225,0.225352113,0.225352113
F1520043,7/16/2015,4,2015,2,prevd,3,44.77028242,8,NA,NA,NA,NA,NA,NA,2430,2.253521127,43,5.1860465,4.909111192,0.676056338,0.338028169,0,0.112676056,0,0.450704225,0,0.676056338
F1520051,7/16/2015,5,2015,2,dred,1,55.76085044,9.6,88.5395,0.83483,8.021842163,11.055,0.5,9.06,2430,4.78296921,22,5.681818182,4.640929291,0.780636375,0.168673325,0.024065196,0.711759983,1.98003594,0.248080547,0.832945915,0.036771929
F1520052,7/16/2015,5,2015,2,dred,2,54.43565712,6.4,NA,NA,NA,NA,NA,NA,2430,3.880831232,28,5.464285714,4.366289155,0.601869108,0.05340022,0.078803962,0.592077558,1.833202297,0.454823703,0.211058024,0.055596362
F1520053,7/16/2015,5,2015,2,dred,3,52.49995068,8.8,NA,NA,NA,NA,NA,NA,2430,4.820048013,27,5.62962963,4.092165518,1.094287412,0,0,0.029242422,1.663787542,1.030111595,0.964409989,0.038209054
F1520061,7/16/2015,6,2015,2,down,1,51.69002466,5.6,84.796,1.07175,9.626210596,8.795,0.5,8.9,2430,8.281690141,19,5.317895,3.611934215,0.507042254,5.23943662,0,0,0.169014085,0.676056338,1.352112676,0.338028169
F1520062,7/16/2015,6,2015,2,down,2,50.38369292,6.4,NA,NA,NA,NA,NA,NA,2430,7.943661972,14,5.3571429,2.889403126,1.014084507,5.408450704,0,0.169014085,0,0.338028169,0.845070423,0.169014085
F1520063,7/16/2015,6,2015,2,down,3,59.18224423,9.6,NA,NA,NA,NA,NA,NA,2430,6.591549296,11,5.6363636,4.438495256,1.352112676,3.042253521,0,0,0.169014085,0.169014085,1.014084507,0.845070423
F1530011,8/24/2015,1,2015,3,prevd,1,78.40953858,19.2,81.5615,1.21885,12.83494746,9.875,0.5,9.875,1800,19.28911344,6,5.666666667,5.709138315,3.74441021,0.487854901,0,0,1.098541367,8.507910881,3.94087937,1.509516713
F1530012,8/24/2015,1,2015,3,prevd,2,98.34104216,20.8,NA,NA,NA,NA,NA,NA,1800,27.33674997,8,6,4.835692654,4.347823771,0.096422407,0.102988991,0,0.455966381,14.87814479,5.916371731,1.539031902
F1530013,8/24/2015,1,2015,3,prevd,3,79.71024503,20,NA,NA,NA,NA,NA,NA,1800,58.29335054,10,7.5,4.879001318,3.988736453,0,2.840141681,0.198747946,0.758928472,43.35998736,4.885488751,2.261319879
F1530021,8/24/2015,2,2015,3,prevd,1,65.9914288,19.2,67.179,1.31055,1.604368433,10.14,0.3,8.84,1800,7.887323944,4,6.5,4.36811349,2.253521127,1.464788732,0.112676056,0,0.450704225,3.323943662,0.225352113,0.056338028
F1530022,8/24/2015,2,2015,3,prevd,2,75.57420684,26.4,NA,NA,NA,NA,NA,NA,1800,27.21126761,23,6.562174,4.581886895,7.605633803,2.535211268,0.169014085,0.338028169,0.676056338,12,1.690140845,2.197183099
F1530023,8/24/2015,2,2015,3,prevd,3,80.32193477,24,NA,NA,NA,NA,NA,NA,1800,10.14084507,8,6.25,4.461460002,1.577464789,1.408450704,0.056338028,0.112676056,0.507042254,5.690140845,0.394366197,0.394366197
F1530031,8/24/2015,3,2015,3,prevd,1,94.52150994,20.8,43.4615,1.1956,11.23057903,10.695,0.3,8.81,1800,36.37941839,9,5,4.779280231,5.228987738,0.85940167,0,0.12800987,0.632384678,22.13233404,4.894161453,2.504138943
F1530032,8/24/2015,3,2015,3,prevd,2,80.31814956,32,NA,NA,NA,NA,NA,NA,1800,10.79621954,6,5.5,4.96767218,0.716446145,0.063004379,0.127686544,0.077556178,0.202032009,9.374453845,0.201002074,0.034038367
F1530033,8/24/2015,3,2015,3,prevd,3,93.19984407,28,NA,NA,NA,NA,NA,NA,1800,9.729368511,9,5.888888889,4.097889748,0.974309817,0.067957467,0.148215354,0,0.233172453,7.953017988,0.162099533,0.190595898
F1530041,8/24/2015,4,2015,3,prevd,1,43.36449324,39.2,92.145,1.3378,6.417473731,11.525,0.3,8.85,1800,8,15,6.7333333,5.784047001,2.14084507,0.450704225,0.901408451,0.112676056,0.788732394,2.366197183,0,1.23943662
F1530042,8/24/2015,4,2015,3,prevd,2,43.36449324,34.4,NA,NA,NA,NA,NA,NA,1800,5.070422535,7,6.1428571,4.741205956,1.352112676,0,0.225352113,0.112676056,0.338028169,1.352112676,0.112676056,1.577464789
F1530043,8/24/2015,4,2015,3,prevd,3,49.72371042,28,NA,NA,NA,NA,NA,NA,1800,7.661971831,59,6.745627,6.373174202,2.591549296,0.338028169,1.014084507,0.338028169,0.788732394,1.464788733,0,1.126760563
F1530051,8/24/2015,5,2015,3,dred,1,88.47149085,29.6,124.76,1.1561,8.021842163,9.77,0.3,8.52,1800,49.5367117,2,6,4.514734185,4.592191629,0.276787333,0.245867024,0,2.379958005,19.92509076,20.25795739,1.858859552
F1530052,8/24/2015,5,2015,3,dred,2,96.91729992,30.4,NA,NA,NA,NA,NA,NA,1800,52.55544765,7,6.428571429,4.482155206,9.637763873,0.315418344,0.658241342,0,3.624113648,29.19069884,7.802767664,1.326443933
F1530053,8/24/2015,5,2015,3,dred,3,103.5873047,28,NA,NA,NA,NA,NA,NA,1800,60.09561544,5,5,2.980830611,13.11771522,0.135062721,0.599234653,0,2.485048213,27.66837095,15.47291197,0.617271708
F1530061,8/24/2015,6,2015,3,down,1,65.71204932,29.6,142.71,1.1682,16.04368433,8.12,0.5,8.8,1800,157.5211268,15,4.533333,4.680683401,60.16901408,4.056338028,0.676056338,0.676056338,8.788732394,62.87323943,19.6056338,0.676056338
F1530062,8/24/2015,6,2015,3,down,2,100.2067128,24,NA,NA,NA,NA,NA,NA,1800,160.2253521,64,4.296875,5.688035858,48,6.76056338,2.704225352,0.676056338,33.12676056,41.91549296,22.30985915,4.732394366
F1530063,8/24/2015,6,2015,3,down,3,84.8664646,26.4,NA,NA,NA,NA,NA,NA,1800,149.4084507,27,4.2962963,5.324971282,65.57746479,4.056338028,1.352112676,2.704225352,11.49295775,41.23943662,21.63380282,1.352112676
F1610011,6/2/2016,1,2016,1,prevd,1,6.259159551,7.2,36.184,1.40885,20.85678962,7.41,1.1,7.95,3780,0.701295409,20,6.1,2.176656386,0.441773062,0.053586518,0,0,0,0.205935829,0,0
F1610012,6/2/2016,1,2016,1,prevd,2,5.884811102,14.4,NA,NA,NA,NA,NA,NA,3780,0.433306091,17,6.294117647,2.930401147,0.255044562,0.016049258,0,0,0,0.162212271,0,0
F1610013,6/2/2016,1,2016,1,prevd,3,6.474650933,5.6,NA,NA,NA,NA,NA,NA,3780,0.342568875,33,5.333333333,3.06100513,0.238651075,0.029512639,0,0,0,0.07440516,0,0
F1610021,6/2/2016,2,2016,1,prevd,1,13.54115372,5.6,46.408,1.3548,22.46115806,8.615,1,8.08,3780,0.369496019,8,6,4.113093674,0.118352636,0.007914122,0,0,0.052889766,0.039410761,0.144754726,0.006174007
F1610022,6/2/2016,2,2016,1,prevd,2,13.30434385,9.6,NA,NA,NA,NA,NA,NA,3780,0.388960613,16,5.25,3.914624357,0.138541167,0.061568712,0,0,0.110371122,0.078479611,0,0
F1610023,6/2/2016,2,2016,1,prevd,3,11.9512513,8.8,NA,NA,NA,NA,NA,NA,3780,0.269452154,41,5.0487805,2.811450521,0.132855627,0.080575321,0,0,0,0.056021206,0,0
F1610031,6/2/2016,3,2016,1,prevd,1,7.449014762,8.8,55.926,1.3853,16.04368433,7.61,1,8.12,3780,4.190260725,27,5,6.842321049,0.254619062,0.094433642,0.06901399,0,0.681814318,0.531516944,2.444699151,0.114163619
F1610032,6/2/2016,3,2016,1,prevd,2,7.661980023,4,NA,NA,NA,NA,NA,NA,3780,0.564369752,13,5,3.053740019,0.390946526,0.0409615,0,0,0,0.088081953,0,0.044379773
F1610033,6/2/2016,3,2016,1,prevd,3,8.13019482,5.6,NA,NA,NA,NA,NA,NA,3780,0.374069549,13,5.538461538,1.421414426,0.327659606,0,0.011004034,0,0,0.035405909,0,0
F1610041,6/2/2016,4,2016,1,prevd,1,32.24812774,5.6,59.897,1.49895,16.04368433,8.58,0.7,7.96,3780,2.445495474,7,6.5714286,1.422584829,1.918437954,0,0.01935966,0,0,0.169070732,0.338627128,0
F1610042,6/2/2016,4,2016,1,prevd,2,30.43847278,4.8,NA,NA,NA,NA,NA,NA,3780,1.656972623,18,5.9444444,1.653486081,1.398970333,0,0.038109223,0,0.076512564,0.123788103,0,0.0195924
F1610043,6/2/2016,4,2016,1,prevd,3,28.23173702,4.8,NA,NA,NA,NA,NA,NA,3780,1.72651339,17,6.35294112,1.538153524,1.59793934,0.043690971,0.013096818,0,0.049871982,0.02191428,0,0
F1610051,6/2/2016,5,2016,1,dred,1,15.91798648,11.2,48.52281904,1.67195,12.83494746,7.645,1,8.03,3780,8.81171994,8,6.375,1.614606774,6.033687257,0.091729633,0.021005644,0,0,2.613305017,0,0.05199239
F1610052,6/2/2016,5,2016,1,dred,2,13.68747096,14.4,NA,NA,NA,NA,NA,NA,3780,6.196194269,8,5.875,1.414174869,5.827066451,0.064754578,0.072817914,0,0,0.204707275,0,0.026848051
F1610053,6/2/2016,5,2016,1,dred,3,13.8200187,12.8,NA,NA,NA,NA,NA,NA,3780,6.265753667,9,5.777777778,1.366089463,5.771091013,0,0,0,0,0.439278075,0,0.055384579
F1610061,6/2/2016,6,2016,1,dred,1,17.68671738,10.4,50.281,1.65145,22.46115806,8.045,0.9,7.96,3780,1.055334261,6,5.833333,1.838480899,0.820966317,0.070418942,0,0,0,0,0.145314596,0.018634406
F1610062,6/2/2016,6,2016,1,dred,2,15.86557001,9.6,NA,NA,NA,NA,NA,NA,3780,0.966731737,13,4.6153846,2.935823421,0.45987257,0.052142066,0,0.04637447,0,0.121057067,0.226969428,0.060316136
F1610063,6/2/2016,6,2016,1,dred,3,16.01220426,12,NA,NA,NA,NA,NA,NA,3780,1.541648226,28,6.25,2.926420352,0.99918317,0.125794296,0.008235088,0.05825159,0,0.324827115,0,0.025356966
F1620011,7/29/2016,1,2016,2,prevd,1,26.71381185,8,75.66270087,1.08945,36.90047395,6.95,0.7,8.33,3380,2.104656921,13,5,3.886898473,0.267578938,0,0.038299566,0,1.520904394,0.219596756,0,0.058277267
F1620012,7/29/2016,1,2016,2,prevd,2,24.83867462,22.4,NA,NA,NA,NA,NA,NA,3380,1.060036059,12,5,3.946249092,0.038917842,0,0,0.03624157,0.361371337,0.583044699,0,0.040460611
F1620013,7/29/2016,1,2016,2,prevd,3,28.03822474,13.6,NA,NA,NA,NA,NA,NA,3380,1.617392623,9,5.111111111,4.804412603,0.20063964,0.017014556,0.009902073,0,0.562564081,0.496570588,0.314763345,0.015938339
F1620021,7/29/2016,2,2016,2,prevd,1,30.51135481,12,83.8125,0.997225,40.10921082,8.49,0.7,8.5,3380,0.996536638,18,5.5,6.295468171,0.116045407,0.084391527,0.052070843,0,0.190836139,0.463655109,0.034835127,0.054702489
F1620022,7/29/2016,2,2016,2,prevd,2,27.11511973,11.2,NA,NA,NA,NA,NA,NA,3380,0.868663718,19,6.1052632,1.60509442,0.166104669,0.032201094,0.024097004,0,0.182412456,0.433060146,0,0.030788348
F1620023,7/29/2016,2,2016,2,prevd,3,26.1086078,10.4,NA,NA,NA,NA,NA,NA,3380,0.858858227,76,5.7894737,5.55682105,0.150940312,0.101176076,0.031707171,0,0.142817757,0.411213207,0,0.021003704
F1620031,7/29/2016,3,2016,2,prevd,1,28.68398462,7.2,83.88690749,1.06325,40.10921082,7.36,0.6,8.41,3380,1.522825935,28,5,3.666985714,0.887459837,0.061625529,0.074014464,0.036154239,0.316083178,0.147488689,0,0
F1620032,7/29/2016,3,2016,2,prevd,2,29.54399098,8,NA,NA,NA,NA,NA,NA,3380,1.644780967,28,5.107142857,3.496540448,0.933640975,0.031424986,0.059338945,0,0.410299872,0.197601589,0,0.0124746
F1620033,7/29/2016,3,2016,2,prevd,3,28.14430125,5.6,NA,NA,NA,NA,NA,NA,3380,1.009713837,20,5.3,3.906294002,0.348162819,0.052323808,0.019026275,0,0.343898072,0.246302864,0,0
F1620041,7/29/2016,4,2016,2,prevd,1,37.69656378,13.6,79.635,1.2562,35.29610552,7.84,0.7,8.49,3380,2.921374853,131,6.3206107,4.691367551,0.62495895,0.067447498,0.108927631,0.031890564,1.347105409,0.719382455,0,0.021662346
F1620042,7/29/2016,4,2016,2,prevd,2,42.11156775,13.6,NA,NA,NA,NA,NA,NA,3380,3.257513918,57,5.2280702,3.787162857,1.417449546,0.104958602,0.107072521,0,0.991129274,0.624538452,0,0.012365524
F1620043,7/29/2016,4,2016,2,prevd,3,39.27040308,14.4,NA,NA,NA,NA,NA,NA,3380,2.53245465,20,6.1,3.540096486,1.374203001,0.091389382,0.086801854,0.049669435,0.557048163,0.337796019,0,0.035546796
F1620051,7/29/2016,5,2016,2,dred,1,34.21128003,20.8,101.1577414,1.14535,35.29610552,6.88,0.5,8.38,3380,8.810505053,7,6.285714286,3.436646346,0.542839941,0.031660297,0.256854835,0,6.072246166,1.861528411,0,0.045375404
F1620052,7/29/2016,5,2016,2,dred,2,33.98048528,22.4,NA,NA,NA,NA,NA,NA,3380,5.384805735,19,5.736842105,4.296213735,0.591894576,0,0.11826057,0,2.472721446,2.201929143,0,0
F1620053,7/29/2016,5,2016,2,dred,3,32.64690772,20,NA,NA,NA,NA,NA,NA,3380,5.33392854,21,5.761904762,4.115885594,0.184750943,0.034739292,0.186243062,0,2.939436445,1.738084912,0.232923267,0.017750618
F1620061,7/29/2016,6,2016,2,dred,1,29.36951843,15.2,103.5735,1.32715,41.71357925,7,0.6,8.36,3380,1.175940538,5,5.8,4.134222041,0.332885601,0.049472587,0.004928833,0.02121819,0.094221449,0.647201968,0,0.026011911
F1620062,7/29/2016,6,2016,2,dred,2,34.22136409,17.6,NA,NA,NA,NA,NA,NA,3380,0.8017022,16,4.625,6.317840751,0.13061469,0.070991318,0.03517444,0.03163819,0.117440565,0.350923218,0.045018617,0.019901161
F1620063,7/29/2016,6,2016,2,dred,3,32.71298701,16.8,NA,NA,NA,NA,NA,NA,3380,0.871022001,10,6.5,4.999322071,0.212751264,0.03644948,0.00964949,0.036620338,0.274922556,0.261994502,0,0.038634372
F1630011,8/24/2016,1,2016,3,prevd,1,48.99804853,12,66.6160736,1.5278,48.13105298,8.145,0.75,8.54,2480,5.656420476,9,5.333333333,4.360408893,0.33726174,0.031194547,0.027515886,0,1.123023255,3.377420442,0.528890094,0.231114512
F1630012,8/24/2016,1,2016,3,prevd,2,56.37401512,12.8,NA,NA,NA,NA,NA,NA,2480,5.131986227,6,6,2.970602548,0.255861886,0,0.098125736,0,0.535982004,3.348301542,0.857978286,0.035736774
F1630013,8/24/2016,1,2016,3,prevd,3,45.26407717,12,NA,NA,NA,NA,NA,NA,2480,6.47083828,25,5.44,3.326578973,0.380248253,0.026965797,0.216440189,0,0.298220963,3.843431077,1.426632125,0.278899877
F1630021,8/24/2016,2,2016,3,prevd,1,53.18359029,20,81.8585,1.4308,16.04368433,9.955,0.5,8.68,2480,2.174959953,3,6.6666667,2.772925037,0.115281311,0.050316613,0.005232505,0,0.033898804,1.387620758,0.562158741,0.020451222
F1630022,8/24/2016,2,2016,3,prevd,2,51.94216786,17.6,NA,NA,NA,NA,NA,NA,2480,2.846688945,9,6.7777778,3.203138328,0.091405049,0.060473178,0.016036581,0.005229112,0.026841947,1.403176129,1.216541775,0.026985175
F1630023,8/24/2016,2,2016,3,prevd,3,50.80398648,19.2,NA,NA,NA,NA,NA,NA,2480,3.390276764,44,4.3181818,3.488872987,0.080817659,0.040660782,0.021053554,0.005673092,0.059891752,1.510825467,1.596124922,0.075229537
F1630031,8/24/2016,3,2016,3,prevd,1,47.49016547,19.2,44.41071573,1.42495,35.29610552,8.685,0.6,8.59,2480,8.354776499,14,5.5,3.506816529,0.480025394,0,0.049515442,0.038047588,0.40709257,4.775868167,2.413957257,0.19027008
F1630032,8/24/2016,3,2016,3,prevd,2,46.49228481,18.4,NA,NA,NA,NA,NA,NA,2480,5.501738875,17,5,2.563590332,0.280342744,0.030634788,0.015491361,0.039267976,0,4.582547485,0.388455665,0.164998857
F1630033,8/24/2016,3,2016,3,prevd,3,50.0266428,12.8,NA,NA,NA,NA,NA,NA,2480,5.348279401,13,6,2.362070417,0.117254517,0,0.072674254,0.182038379,0.429594006,4.356464081,0,0.190254165
F1630041,8/24/2016,4,2016,3,prevd,1,52.27904137,17.6,72.1995,1.2964,33.69173709,8.715,0.5,8.63,2480,2.656965538,17,6.9411765,2.456879452,0.080044136,0.122207046,0.008547357,0.012752506,0,1.996933333,0.392572995,0.043908165
F1630042,8/24/2016,4,2016,3,prevd,2,52.32471917,16.8,NA,NA,NA,NA,NA,NA,2480,1.92861479,16,6.8125,2.741898752,0.013559917,0.050933996,0,0.040550091,0.028977664,1.273159899,0.496962618,0.024470606
F1630043,8/24/2016,4,2016,3,prevd,3,47.58104853,17.6,NA,NA,NA,NA,NA,NA,2480,2.715058491,22,6.4090909,2.935339329,0.084152905,0.084672103,0.006686191,0.013622442,0.053697652,1.93082427,0.424573701,0.116829227
F1630051,8/24/2016,5,2016,3,dred,1,51.75531344,16.8,49.3452397,1.3896,11.23057903,8.735,0.6,8.57,2480,5.587740227,9,6.222222222,4.905541566,0.642280101,0.049860476,0.070968314,0.035578385,0.707338206,3.232711219,0.558432171,0.290571354
F1630052,8/24/2016,5,2016,3,dred,2,63.62781464,46.4,NA,NA,NA,NA,NA,NA,2480,7.011094993,30,5.833333333,6.601695278,1.036027355,0.012878772,0.330574193,0.202305588,0.866048017,2.584577552,1.62079858,0.357884937
F1630053,8/24/2016,5,2016,3,dred,3,59.61612729,16.8,NA,NA,NA,NA,NA,NA,2480,3.530744873,22,6,5.693612408,0.122259195,0.034758124,0.202142223,0.037078121,0.503963507,1.363882715,1.205089095,0.061571892
F1630061,8/24/2016,6,2016,3,dred,1,47.33789101,17.6,75.017,1.5043,19.25242119,8.45,0.5,8.55,2480,10.74712196,9,7.1111111,5.663797547,2.724137273,0.303163905,0.128334872,0.051923919,0.97685573,2.427147627,3.741657894,0.393900742
F1630062,8/24/2016,6,2016,3,dred,2,34.41060939,16,NA,NA,NA,NA,NA,NA,2480,6.303954224,27,5.4814815,5.342641812,1.208084931,0.109014901,0.218934352,0.028640765,0.495851183,2.496150897,1.364893545,0.382383649
F1630063,8/24/2016,6,2016,3,dred,3,44.44458552,16.8,NA,NA,NA,NA,NA,NA,2480,15.08009252,62,4.6451613,6.655529993,1.242906571,0.28838255,0.208192217,0.083104211,0.521833703,3.342677253,9.165311923,0.227684096
